{
  "accuracy": 0.7493560020607934,
  "precision": 0.3242320819112628,
  "recall": 0.6773618538324421,
  "f1": 0.4385458742065782,
  "roc_auc": 0.8016779732067473,
  "average_precision": 0.4139497798482128,
  "confusion_matrix": [
    [
      2529,
      792
    ],
    [
      181,
      380
    ]
  ],
  "n_features": 18,
  "prevalence": 0.1445131375579598
}