{
  "accuracy": 0.719732246798603,
  "precision": 0.7246666666666667,
  "recall": 0.6640195479535737,
  "f1": 0.693018807778132,
  "roc_auc": 0.792740519999742,
  "average_precision": 0.7872674175155523,
  "confusion_matrix": [
    [
      1386,
      413
    ],
    [
      550,
      1087
    ]
  ],
  "n_features": 25,
  "prevalence": 0.47642607683352733
}