{
  "accuracy": 0.6783414885397888,
  "precision": 0.1076051779935275,
  "recall": 0.4767025089605735,
  "f1": 0.17557755775577558,
  "roc_auc": 0.619855377736406,
  "average_precision": 0.10771803985204478,
  "confusion_matrix": [
    [
      2501,
      1103
    ],
    [
      146,
      133
    ]
  ],
  "n_features": 11,
  "prevalence": 0.07185166108678856
}